Unnamed: 0,Unnamed: 1,Unnamed: 2,Unnamed: 3,Unnamed: 4,Unnamed: 5,Unnamed: 6
,,,,,,
,,,,,,
,,,,GHG SINK,,
,Activity , Reforestation,,,,
,Unit,Nos,Avg Diameter ,Avg Height,Avg Year,Species of Tree
,Month/Year,Please fill data in yellow highligted cells only. This sheet is formulated sheet.,,,,
,2023-04-01 00:00:00,,,,,
,2023-05-01 00:00:00,60,,5-15 foot,,
,2023-06-01 00:00:00,,,,,
,2023-07-01 00:00:00,,,,,
,2023-08-01 00:00:00,25,,15-40 foot,,
,2023-09-01 00:00:00,,,,,
,2023-10-01 00:00:00,,,,,
,2023-11-01 00:00:00,,,,,
,2023-12-01 00:00:00,,,,,
,2024-01-01 00:00:00,,,,,
,2024-02-01 00:00:00,,,,,
,2024-03-01 00:00:00,,,,,
